insert into campeonato (codigo, pontuacao, num_rodadas, nome) values (1, 22, 10, 'Josi');
insert into campeonato (codigo, pontuacao, num_rodadas, nome) values (2, 40, 11, 'Konstantin');
insert into campeonato (codigo, pontuacao, num_rodadas, nome) values (3, 34, 16, 'Gallard');
insert into campeonato (codigo, pontuacao, num_rodadas, nome) values (4, 46, 12, 'Arvy');
insert into campeonato (codigo, pontuacao, num_rodadas, nome) values (5, 43, 8, 'Alexis');
insert into campeonato (codigo, pontuacao, num_rodadas, nome) values (6, 26, 44, 'Lisette');
insert into campeonato (codigo, pontuacao, num_rodadas, nome) values (7, 47, 78, 'Welby');
insert into campeonato (codigo, pontuacao, num_rodadas, nome) values (8, 33, 65, 'Marcelo');
insert into campeonato (codigo, pontuacao, num_rodadas, nome) values (9, 91, 53, 'Goddart');
insert into campeonato (codigo, pontuacao, num_rodadas, nome) values (10, 35, 23, 'Earlie');
insert into campeonato (codigo, pontuacao, num_rodadas, nome) values (11, 90, 21, 'Sheba');
insert into campeonato (codigo, pontuacao, num_rodadas, nome) values (12, 41, 11, 'Hermina');
insert into campeonato (codigo, pontuacao, num_rodadas, nome) values (13, 91, 9, 'Serge');
insert into campeonato (codigo, pontuacao, num_rodadas, nome) values (14, 42, 13, 'Jasper');
insert into campeonato (codigo, pontuacao, num_rodadas, nome) values (15, 76, 22, 'Kellina');
insert into campeonato (codigo, pontuacao, num_rodadas, nome) values (16, 71, 16, 'Phedra');
insert into campeonato (codigo, pontuacao, num_rodadas, nome) values (17, 21, 14, 'Oby');
insert into campeonato (codigo, pontuacao, num_rodadas, nome) values (18, 86, 17, 'Ethel');
insert into campeonato (codigo, pontuacao, num_rodadas, nome) values (19, 12, 16, 'Mickey');
insert into campeonato (codigo, pontuacao, num_rodadas, nome) values (20, 96, 12, 'Filippa');
insert into campeonato (codigo, pontuacao, num_rodadas, nome) values (21, 29, 11, 'Lyda');
insert into campeonato (codigo, pontuacao, num_rodadas, nome) values (22, 34, 15, 'Vladimir');
insert into campeonato (codigo, pontuacao, num_rodadas, nome) values (23, 65, 15, 'Lydie');
insert into campeonato (codigo, pontuacao, num_rodadas, nome) values (24, 79, 16, 'Rene');
insert into campeonato (codigo, pontuacao, num_rodadas, nome) values (25, 81, 14, 'Jeddy');
insert into campeonato (codigo, pontuacao, num_rodadas, nome) values (26, 2, 15, 'Fae');
insert into campeonato (codigo, pontuacao, num_rodadas, nome) values (27, 60, 16, 'Roddie');
insert into campeonato (codigo, pontuacao, num_rodadas, nome) values (28, 57, 15, 'Terence');
insert into campeonato (codigo, pontuacao, num_rodadas, nome) values (29, 38, 14, 'Laney');
insert into campeonato (codigo, pontuacao, num_rodadas, nome) values (30, 73, 15, 'Maxy');
insert into campeonato (codigo, pontuacao, num_rodadas, nome) values (31, 68, 15, 'Darci');
insert into campeonato (codigo, pontuacao, num_rodadas, nome) values (32, 31, 16, 'Charil');
insert into campeonato (codigo, pontuacao, num_rodadas, nome) values (33, 82, 12, 'Ingunna');
insert into campeonato (codigo, pontuacao, num_rodadas, nome) values (34, 59, 14,'Batata');
insert into campeonato (codigo, pontuacao, num_rodadas, nome) values (35, 99,12,'Noni');
insert into campeonato (codigo, pontuacao, num_rodadas, nome) values (36, 44, 15, 'Latisha');
insert into campeonato (codigo, pontuacao, num_rodadas, nome) values (37, 86, 15, 'Abbe');
insert into campeonato (codigo, pontuacao, num_rodadas, nome) values (38, 51, 12, 'Dara');
insert into campeonato (codigo, pontuacao, num_rodadas, nome) values (39, 47, 15, 'Corrie');
insert into campeonato (codigo, pontuacao, num_rodadas, nome) values (40, 40, 14, 'Valma');
insert into campeonato (codigo, pontuacao, num_rodadas, nome) values (41, 69, 16, 'Camella');
insert into campeonato (codigo, pontuacao, num_rodadas, nome) values (42, 55, 16, 'Mendel');
insert into campeonato (codigo, pontuacao, num_rodadas, nome) values (43, 12, 12, 'Terrence');
insert into campeonato (codigo, pontuacao, num_rodadas, nome) values (44, 1, 12, 'Elwin');
insert into campeonato (codigo, pontuacao, num_rodadas, nome) values (45, 24, 15, 'Inger');
insert into campeonato (codigo, pontuacao, num_rodadas, nome) values (46, 90, 14, 'Darryl');
insert into campeonato (codigo, pontuacao, num_rodadas, nome) values (47, 13, 16, 'Dasya');
insert into campeonato (codigo, pontuacao, num_rodadas, nome) values (48, 16, 13, 'Beale');
insert into campeonato (codigo, pontuacao, num_rodadas, nome) values (49, 32, 12, 'Jeffie');
insert into campeonato (codigo, pontuacao, num_rodadas, nome) values (50, 38, 15, 'Orv');
insert into campeonato (codigo, pontuacao, num_rodadas, nome) values (51, 8, 15, 'Roseann');
insert into campeonato (codigo, pontuacao, num_rodadas, nome) values (52, 17, 15, 'Lexine');
insert into campeonato (codigo, pontuacao, num_rodadas, nome) values (53, 27, 14, 'Brockie');
insert into campeonato (codigo, pontuacao, num_rodadas, nome) values (54, 43, 13, 'Wayland');
insert into campeonato (codigo, pontuacao, num_rodadas, nome) values (55, 78, 12, 'Lauralee');
insert into campeonato (codigo, pontuacao, num_rodadas, nome) values (56, 85, 12, 'Isac');
insert into campeonato (codigo, pontuacao, num_rodadas, nome) values (57, 65, 12, 'Alejandra');
insert into campeonato (codigo, pontuacao, num_rodadas, nome) values (58, 81, 14, 'Boy');
insert into campeonato (codigo, pontuacao, num_rodadas, nome) values (59, 67, 17, 'Beret');
insert into campeonato (codigo, pontuacao, num_rodadas, nome) values (60, 48, 12, 'Kristy');
insert into campeonato (codigo, pontuacao, num_rodadas, nome) values (61, 2, 13, 'Lazar');
insert into campeonato (codigo, pontuacao, num_rodadas, nome) values (62, 84, 12, 'Sal');
insert into campeonato (codigo, pontuacao, num_rodadas, nome) values (63, 30, 13, 'Charo');
insert into campeonato (codigo, pontuacao, num_rodadas, nome) values (64, 37, 14, 'Dare');
insert into campeonato (codigo, pontuacao, num_rodadas, nome) values (65, 72, 14, 'Wright');
insert into campeonato (codigo, pontuacao, num_rodadas, nome) values (66, 50, 15, 'Karoly');
insert into campeonato (codigo, pontuacao, num_rodadas, nome) values (67, 41, 15, 'Pablo');
insert into campeonato (codigo, pontuacao, num_rodadas, nome) values (68, 15, 14, 'Legra');
insert into campeonato (codigo, pontuacao, num_rodadas, nome) values (69, 8, 12, 'Borg');
insert into campeonato (codigo, pontuacao, num_rodadas, nome) values (70, 29, 16, 'Althea');
insert into campeonato (codigo, pontuacao, num_rodadas, nome) values (71, 10, 15, 'Ailee');
insert into campeonato (codigo, pontuacao, num_rodadas, nome) values (72, 19, 14, 'Virginia');
insert into campeonato (codigo, pontuacao, num_rodadas, nome) values (73, 14, 14, 'Blinni');
insert into campeonato (codigo, pontuacao, num_rodadas, nome) values (74, 95, 14, 'Patricia');
insert into campeonato (codigo, pontuacao, num_rodadas, nome) values (75, 46, 14, 'Berri');
insert into campeonato (codigo, pontuacao, num_rodadas, nome) values (76, 99, 564, 'Mycah');
insert into campeonato (codigo, pontuacao, num_rodadas, nome) values (77, 17, 16, 'Myrvyn');
insert into campeonato (codigo, pontuacao, num_rodadas, nome) values (78, 50, 15, 'Gates');
insert into campeonato (codigo, pontuacao, num_rodadas, nome) values (79, 43, 14, 'Barbe');
insert into campeonato (codigo, pontuacao, num_rodadas, nome) values (80, 44, 15, 'Maryjane');
insert into campeonato (codigo, pontuacao, num_rodadas, nome) values (81, 96, 16, 'Oberon');
insert into campeonato (codigo, pontuacao, num_rodadas, nome) values (82, 1, 16, 'Denice');
insert into campeonato (codigo, pontuacao, num_rodadas, nome) values (83, 95, 12, 'Linda');
insert into campeonato (codigo, pontuacao, num_rodadas, nome) values (84, 63, 14, 'Yelena');
insert into campeonato (codigo, pontuacao, num_rodadas, nome) values (85, 39, 16, 'Colin');
insert into campeonato (codigo, pontuacao, num_rodadas, nome) values (86, 40, 15, 'Sande');
insert into campeonato (codigo, pontuacao, num_rodadas, nome) values (87, 97, 15, 'Camile');
insert into campeonato (codigo, pontuacao, num_rodadas, nome) values (88, 40, 14, 'Leonid');
insert into campeonato (codigo, pontuacao, num_rodadas, nome) values (89, 49, 15, 'Jackson');
insert into campeonato (codigo, pontuacao, num_rodadas, nome) values (90, 58, 54, 'Arni');
insert into campeonato (codigo, pontuacao, num_rodadas, nome) values (91, 17, 15, 'Truda');
insert into campeonato (codigo, pontuacao, num_rodadas, nome) values (92, 59, 15, 'Rice');
insert into campeonato (codigo, pontuacao, num_rodadas, nome) values (93, 14, 15, 'Sena');
insert into campeonato (codigo, pontuacao, num_rodadas, nome) values (94, 6, 16, 'Florella');
insert into campeonato (codigo, pontuacao, num_rodadas, nome) values (95, 68, 12, 'Jade');
insert into campeonato (codigo, pontuacao, num_rodadas, nome) values (96, 88, 14, 'Dredi');
insert into campeonato (codigo, pontuacao, num_rodadas, nome) values (97, 63, 14, 'Esma');
insert into campeonato (codigo, pontuacao, num_rodadas, nome) values (98, 16, 15, 'Joscelin');
insert into campeonato (codigo, pontuacao, num_rodadas, nome) values (99, 82, 12, 'Ortensia');
insert into campeonato (codigo, pontuacao, num_rodadas, nome) values (100, 78, 12, 'Margaretta');


insert into jogadores (codigo, nome, camisa, codigo_time) values (1, 'Hester', 71, 1);
insert into jogadores (codigo, nome, camisa, codigo_time) values (2, 'Rance', 38, 2);
insert into jogadores (codigo, nome, camisa, codigo_time) values (3, 'Sib', 98, 3);
insert into jogadores (codigo, nome, camisa, codigo_time) values (4, 'Kippie', 30, 4);
insert into jogadores (codigo, nome, camisa, codigo_time) values (5, 'Marj', 90, 5);
insert into jogadores (codigo, nome, camisa, codigo_time) values (6, 'Sigfrid', 90, 6);
insert into jogadores (codigo, nome, camisa, codigo_time) values (7, 'Papagena', 42, 7);
insert into jogadores (codigo, nome, camisa, codigo_time) values (8, 'Lonnie', 31, 8);
insert into jogadores (codigo, nome, camisa, codigo_time) values (9, 'Lynn', 81, 9);
insert into jogadores (codigo, nome, camisa, codigo_time) values (10, 'Nanice', 54, 10);
insert into jogadores (codigo, nome, camisa, codigo_time) values (11, 'Jennilee', 22, 11);
insert into jogadores (codigo, nome, camisa, codigo_time) values (12, 'Orland', 67, 12);
insert into jogadores (codigo, nome, camisa, codigo_time) values (13, 'Trudy', 11, 13);
insert into jogadores (codigo, nome, camisa, codigo_time) values (14, 'Ashely', 91, 14);
insert into jogadores (codigo, nome, camisa, codigo_time) values (15, 'Brunhilde', 79, 15);
insert into jogadores (codigo, nome, camisa, codigo_time) values (16, 'Nola', 91, 16);
insert into jogadores (codigo, nome, camisa, codigo_time) values (17, 'Brandyn', 18, 17);
insert into jogadores (codigo, nome, camisa, codigo_time) values (18, 'Krista', 86, 18);
insert into jogadores (codigo, nome, camisa, codigo_time) values (19, 'Woodman', 61, 19);
insert into jogadores (codigo, nome, camisa, codigo_time) values (20, 'Gayla', 35, 20);
insert into jogadores (codigo, nome, camisa, codigo_time) values (21, 'Jacquelin', 47, 21);
insert into jogadores (codigo, nome, camisa, codigo_time) values (22, 'Genia', 15, 22);
insert into jogadores (codigo, nome, camisa, codigo_time) values (23, 'Nollie', 41, 23);
insert into jogadores (codigo, nome, camisa, codigo_time) values (24, 'Vance', 52, 24);
insert into jogadores (codigo, nome, camisa, codigo_time) values (25, 'Irina', 37, 25);
insert into jogadores (codigo, nome, camisa, codigo_time) values (26, 'Garek', 46, 26);
insert into jogadores (codigo, nome, camisa, codigo_time) values (27, 'Loella', 75, 27);
insert into jogadores (codigo, nome, camisa, codigo_time) values (28, 'Barbe', 35, 28);
insert into jogadores (codigo, nome, camisa, codigo_time) values (29, 'Eveleen', 64, 29);
insert into jogadores (codigo, nome, camisa, codigo_time) values (30, 'Dita', 5, 30);
insert into jogadores (codigo, nome, camisa, codigo_time) values (31, 'Wynnie', 60, 31);
insert into jogadores (codigo, nome, camisa, codigo_time) values (32, 'Eolanda', 42, 32);
insert into jogadores (codigo, nome, camisa, codigo_time) values (33, 'Jessy', 39, 33);
insert into jogadores (codigo, nome, camisa, codigo_time) values (34, 'Kylynn', 15, 34);
insert into jogadores (codigo, nome, camisa, codigo_time) values (35, 'De', 71, 35);
insert into jogadores (codigo, nome, camisa, codigo_time) values (36, 'Charmion', 25, 36);
insert into jogadores (codigo, nome, camisa, codigo_time) values (37, 'Barbi', 32, 37);
insert into jogadores (codigo, nome, camisa, codigo_time) values (38, 'Kerrie', 6, 38);
insert into jogadores (codigo, nome, camisa, codigo_time) values (39, 'Almeta', 12, 39);
insert into jogadores (codigo, nome, camisa, codigo_time) values (40, 'Vincenty', 7, 40);
insert into jogadores (codigo, nome, camisa, codigo_time) values (41, 'Maurizio', 78, 41);
insert into jogadores (codigo, nome, camisa, codigo_time) values (42, 'Trent', 60, 42);
insert into jogadores (codigo, nome, camisa, codigo_time) values (43, 'Aime', 92, 43);
insert into jogadores (codigo, nome, camisa, codigo_time) values (44, 'Harrietta', 5, 44);
insert into jogadores (codigo, nome, camisa, codigo_time) values (45, 'Francene', 8, 45);
insert into jogadores (codigo, nome, camisa, codigo_time) values (46, 'Carla', 56, 46);
insert into jogadores (codigo, nome, camisa, codigo_time) values (47, 'Anna-diana', 54, 47);
insert into jogadores (codigo, nome, camisa, codigo_time) values (48, 'Viola', 48, 48);
insert into jogadores (codigo, nome, camisa, codigo_time) values (49, 'Marissa', 27, 49);
insert into jogadores (codigo, nome, camisa, codigo_time) values (50, 'Amelie', 84, 50);
insert into jogadores (codigo, nome, camisa, codigo_time) values (51, 'Guthry', 51, 51);
insert into jogadores (codigo, nome, camisa, codigo_time) values (52, 'Karina', 55, 52);
insert into jogadores (codigo, nome, camisa, codigo_time) values (53, 'Naoma', 65, 53);
insert into jogadores (codigo, nome, camisa, codigo_time) values (54, 'Jarvis', 86, 54);
insert into jogadores (codigo, nome, camisa, codigo_time) values (55, 'Miller', 53, 55);
insert into jogadores (codigo, nome, camisa, codigo_time) values (56, 'Sadye', 65, 56);
insert into jogadores (codigo, nome, camisa, codigo_time) values (57, 'Vida', 90, 57);
insert into jogadores (codigo, nome, camisa, codigo_time) values (58, 'Walden', 47, 58);
insert into jogadores (codigo, nome, camisa, codigo_time) values (59, 'Fabiano', 18, 59);
insert into jogadores (codigo, nome, camisa, codigo_time) values (60, 'Pamela', 44, 60);
insert into jogadores (codigo, nome, camisa, codigo_time) values (61, 'Tedmund', 42, 61);
insert into jogadores (codigo, nome, camisa, codigo_time) values (62, 'Amalea', 51, 62);
insert into jogadores (codigo, nome, camisa, codigo_time) values (63, 'Nil', 82, 63);
insert into jogadores (codigo, nome, camisa, codigo_time) values (64, 'Patin', 77, 64);
insert into jogadores (codigo, nome, camisa, codigo_time) values (65, 'Florinda', 67, 65);
insert into jogadores (codigo, nome, camisa, codigo_time) values (66, 'Lillian', 16, 66);
insert into jogadores (codigo, nome, camisa, codigo_time) values (67, 'Cobb', 56, 67);
insert into jogadores (codigo, nome, camisa, codigo_time) values (68, 'Batholomew', 54, 68);
insert into jogadores (codigo, nome, camisa, codigo_time) values (69, 'Truda', 81, 69);
insert into jogadores (codigo, nome, camisa, codigo_time) values (70, 'Avril', 2, 70);
insert into jogadores (codigo, nome, camisa, codigo_time) values (71, 'Yurik', 73, 71);
insert into jogadores (codigo, nome, camisa, codigo_time) values (72, 'Ana', 15, 72);
insert into jogadores (codigo, nome, camisa, codigo_time) values (73, 'Gertie', 72, 73);
insert into jogadores (codigo, nome, camisa, codigo_time) values (74, 'Fabio', 26, 74);
insert into jogadores (codigo, nome, camisa, codigo_time) values (75, 'Rozamond', 89, 75);
insert into jogadores (codigo, nome, camisa, codigo_time) values (76, 'Glyn', 75, 76);
insert into jogadores (codigo, nome, camisa, codigo_time) values (77, 'Kinna', 18, 77);
insert into jogadores (codigo, nome, camisa, codigo_time) values (78, 'Carce', 96, 78);
insert into jogadores (codigo, nome, camisa, codigo_time) values (79, 'Berny', 54, 79);
insert into jogadores (codigo, nome, camisa, codigo_time) values (80, 'Dwight', 42, 80);
insert into jogadores (codigo, nome, camisa, codigo_time) values (81, 'Kale', 29, 81);
insert into jogadores (codigo, nome, camisa, codigo_time) values (82, 'Abbie', 29, 82);
insert into jogadores (codigo, nome, camisa, codigo_time) values (83, 'Eolanda', 94, 83);
insert into jogadores (codigo, nome, camisa, codigo_time) values (84, 'Harris', 84, 84);
insert into jogadores (codigo, nome, camisa, codigo_time) values (85, 'Jaimie', 52, 85);
insert into jogadores (codigo, nome, camisa, codigo_time) values (86, 'Letizia', 98, 86);
insert into jogadores (codigo, nome, camisa, codigo_time) values (87, 'Elene', 21, 87);
insert into jogadores (codigo, nome, camisa, codigo_time) values (88, 'Loleta', 61, 88);
insert into jogadores (codigo, nome, camisa, codigo_time) values (89, 'Harper', 2, 89);
insert into jogadores (codigo, nome, camisa, codigo_time) values (90, 'Catriona', 26, 90);
insert into jogadores (codigo, nome, camisa, codigo_time) values (91, 'Di', 55, 91);
insert into jogadores (codigo, nome, camisa, codigo_time) values (92, 'Jobie', 4, 92);
insert into jogadores (codigo, nome, camisa, codigo_time) values (93, 'Thurston', 43, 93);
insert into jogadores (codigo, nome, camisa, codigo_time) values (94, 'Stesha', 31, 94);
insert into jogadores (codigo, nome, camisa, codigo_time) values (95, 'Price', 87, 95);
insert into jogadores (codigo, nome, camisa, codigo_time) values (96, 'Ivie', 23, 96);
insert into jogadores (codigo, nome, camisa, codigo_time) values (97, 'Honey', 77, 97);
insert into jogadores (codigo, nome, camisa, codigo_time) values (98, 'Charissa', 60, 98);
insert into jogadores (codigo, nome, camisa, codigo_time) values (99, 'Westley', 60, 99);
insert into jogadores (codigo, nome, camisa, codigo_time) values (100, 'Melisandra', 81, 100);
insert into pontuacao (codigo_campeonato, codigo_time, pontuacao) values (1, 1, 3);
insert into pontuacao (codigo_campeonato, codigo_time, pontuacao) values (2, 2, 64);
insert into pontuacao (codigo_campeonato, codigo_time, pontuacao) values (3, 3, 81);
insert into pontuacao (codigo_campeonato, codigo_time, pontuacao) values (4, 4, 4);
insert into pontuacao (codigo_campeonato, codigo_time, pontuacao) values (5, 5, 52);
insert into pontuacao (codigo_campeonato, codigo_time, pontuacao) values (6, 6, 37);
insert into pontuacao (codigo_campeonato, codigo_time, pontuacao) values (7, 7, 12);
insert into pontuacao (codigo_campeonato, codigo_time, pontuacao) values (8, 8, 37);
insert into pontuacao (codigo_campeonato, codigo_time, pontuacao) values (9, 9, 20);
insert into pontuacao (codigo_campeonato, codigo_time, pontuacao) values (10, 10, 62);
insert into pontuacao (codigo_campeonato, codigo_time, pontuacao) values (11, 11, 71);
insert into pontuacao (codigo_campeonato, codigo_time, pontuacao) values (12, 12, 54);
insert into pontuacao (codigo_campeonato, codigo_time, pontuacao) values (13, 13, 75);
insert into pontuacao (codigo_campeonato, codigo_time, pontuacao) values (14, 14, 64);
insert into pontuacao (codigo_campeonato, codigo_time, pontuacao) values (15, 15, 20);
insert into pontuacao (codigo_campeonato, codigo_time, pontuacao) values (16, 16, 45);
insert into pontuacao (codigo_campeonato, codigo_time, pontuacao) values (17, 17, 53);
insert into pontuacao (codigo_campeonato, codigo_time, pontuacao) values (18, 18, 15);
insert into pontuacao (codigo_campeonato, codigo_time, pontuacao) values (19, 19, 50);
insert into pontuacao (codigo_campeonato, codigo_time, pontuacao) values (20, 20, 75);
insert into pontuacao (codigo_campeonato, codigo_time, pontuacao) values (21, 21, 2);
insert into pontuacao (codigo_campeonato, codigo_time, pontuacao) values (22, 22, 87);
insert into pontuacao (codigo_campeonato, codigo_time, pontuacao) values (23, 23, 21);
insert into pontuacao (codigo_campeonato, codigo_time, pontuacao) values (24, 24, 99);
insert into pontuacao (codigo_campeonato, codigo_time, pontuacao) values (25, 25, 30);
insert into pontuacao (codigo_campeonato, codigo_time, pontuacao) values (26, 26, 55);
insert into pontuacao (codigo_campeonato, codigo_time, pontuacao) values (27, 27, 32);
insert into pontuacao (codigo_campeonato, codigo_time, pontuacao) values (28, 28, 2);
insert into pontuacao (codigo_campeonato, codigo_time, pontuacao) values (29, 29, 9);
insert into pontuacao (codigo_campeonato, codigo_time, pontuacao) values (30, 30, 26);
insert into pontuacao (codigo_campeonato, codigo_time, pontuacao) values (31, 31, 77);
insert into pontuacao (codigo_campeonato, codigo_time, pontuacao) values (32, 32, 54);
insert into pontuacao (codigo_campeonato, codigo_time, pontuacao) values (33, 33, 69);
insert into pontuacao (codigo_campeonato, codigo_time, pontuacao) values (34, 34, 26);
insert into pontuacao (codigo_campeonato, codigo_time, pontuacao) values (35, 35, 54);
insert into pontuacao (codigo_campeonato, codigo_time, pontuacao) values (36, 36, 31);
insert into pontuacao (codigo_campeonato, codigo_time, pontuacao) values (37, 37, 92);
insert into pontuacao (codigo_campeonato, codigo_time, pontuacao) values (38, 38, 82);
insert into pontuacao (codigo_campeonato, codigo_time, pontuacao) values (39, 39, 30);
insert into pontuacao (codigo_campeonato, codigo_time, pontuacao) values (40, 40, 67);
insert into pontuacao (codigo_campeonato, codigo_time, pontuacao) values (41, 41, 35);
insert into pontuacao (codigo_campeonato, codigo_time, pontuacao) values (42, 42, 19);
insert into pontuacao (codigo_campeonato, codigo_time, pontuacao) values (43, 43, 73);
insert into pontuacao (codigo_campeonato, codigo_time, pontuacao) values (44, 44, 32);
insert into pontuacao (codigo_campeonato, codigo_time, pontuacao) values (45, 45, 26);
insert into pontuacao (codigo_campeonato, codigo_time, pontuacao) values (46, 46, 23);
insert into pontuacao (codigo_campeonato, codigo_time, pontuacao) values (47, 47, 66);
insert into pontuacao (codigo_campeonato, codigo_time, pontuacao) values (48, 48, 65);
insert into pontuacao (codigo_campeonato, codigo_time, pontuacao) values (49, 49, 57);
insert into pontuacao (codigo_campeonato, codigo_time, pontuacao) values (50, 50, 20);
insert into pontuacao (codigo_campeonato, codigo_time, pontuacao) values (51, 51, 33);
insert into pontuacao (codigo_campeonato, codigo_time, pontuacao) values (52, 52, 55);
insert into pontuacao (codigo_campeonato, codigo_time, pontuacao) values (53, 53, 24);
insert into pontuacao (codigo_campeonato, codigo_time, pontuacao) values (54, 54, 69);
insert into pontuacao (codigo_campeonato, codigo_time, pontuacao) values (55, 55, 86);
insert into pontuacao (codigo_campeonato, codigo_time, pontuacao) values (56, 56, 11);
insert into pontuacao (codigo_campeonato, codigo_time, pontuacao) values (57, 57, 4);
insert into pontuacao (codigo_campeonato, codigo_time, pontuacao) values (58, 58, 7);
insert into pontuacao (codigo_campeonato, codigo_time, pontuacao) values (59, 59, 55);
insert into pontuacao (codigo_campeonato, codigo_time, pontuacao) values (60, 60, 30);
insert into pontuacao (codigo_campeonato, codigo_time, pontuacao) values (61, 61, 34);
insert into pontuacao (codigo_campeonato, codigo_time, pontuacao) values (62, 62, 20);
insert into pontuacao (codigo_campeonato, codigo_time, pontuacao) values (63, 63, 74);
insert into pontuacao (codigo_campeonato, codigo_time, pontuacao) values (64, 64, 7);
insert into pontuacao (codigo_campeonato, codigo_time, pontuacao) values (65, 65, 1);
insert into pontuacao (codigo_campeonato, codigo_time, pontuacao) values (66, 66, 20);
insert into pontuacao (codigo_campeonato, codigo_time, pontuacao) values (67, 67, 21);
insert into pontuacao (codigo_campeonato, codigo_time, pontuacao) values (68, 68, 79);
insert into pontuacao (codigo_campeonato, codigo_time, pontuacao) values (69, 69, 44);
insert into pontuacao (codigo_campeonato, codigo_time, pontuacao) values (70, 70, 16);
insert into pontuacao (codigo_campeonato, codigo_time, pontuacao) values (71, 71, 30);
insert into pontuacao (codigo_campeonato, codigo_time, pontuacao) values (72, 72, 58);
insert into pontuacao (codigo_campeonato, codigo_time, pontuacao) values (73, 73, 43);
insert into pontuacao (codigo_campeonato, codigo_time, pontuacao) values (74, 74, 58);
insert into pontuacao (codigo_campeonato, codigo_time, pontuacao) values (75, 75, 99);
insert into pontuacao (codigo_campeonato, codigo_time, pontuacao) values (76, 76, 9);
insert into pontuacao (codigo_campeonato, codigo_time, pontuacao) values (77, 77, 95);
insert into pontuacao (codigo_campeonato, codigo_time, pontuacao) values (78, 78, 58);
insert into pontuacao (codigo_campeonato, codigo_time, pontuacao) values (79, 79, 6);
insert into pontuacao (codigo_campeonato, codigo_time, pontuacao) values (80, 80, 64);
insert into pontuacao (codigo_campeonato, codigo_time, pontuacao) values (81, 81, 75);
insert into pontuacao (codigo_campeonato, codigo_time, pontuacao) values (82, 82, 100);
insert into pontuacao (codigo_campeonato, codigo_time, pontuacao) values (83, 83, 63);
insert into pontuacao (codigo_campeonato, codigo_time, pontuacao) values (84, 84, 60);
insert into pontuacao (codigo_campeonato, codigo_time, pontuacao) values (85, 85, 54);
insert into pontuacao (codigo_campeonato, codigo_time, pontuacao) values (86, 86, 75);
insert into pontuacao (codigo_campeonato, codigo_time, pontuacao) values (87, 87, 92);
insert into pontuacao (codigo_campeonato, codigo_time, pontuacao) values (88, 88, 32);
insert into pontuacao (codigo_campeonato, codigo_time, pontuacao) values (89, 89, 69);
insert into pontuacao (codigo_campeonato, codigo_time, pontuacao) values (90, 90, 3);
insert into pontuacao (codigo_campeonato, codigo_time, pontuacao) values (91, 91, 64);
insert into pontuacao (codigo_campeonato, codigo_time, pontuacao) values (92, 92, 54);
insert into pontuacao (codigo_campeonato, codigo_time, pontuacao) values (93, 93, 16);
insert into pontuacao (codigo_campeonato, codigo_time, pontuacao) values (94, 94, 78);
insert into pontuacao (codigo_campeonato, codigo_time, pontuacao) values (95, 95, 16);
insert into pontuacao (codigo_campeonato, codigo_time, pontuacao) values (96, 96, 49);
insert into pontuacao (codigo_campeonato, codigo_time, pontuacao) values (97, 97, 51);
insert into pontuacao (codigo_campeonato, codigo_time, pontuacao) values (98, 98, 82);
insert into pontuacao (codigo_campeonato, codigo_time, pontuacao) values (99, 99, 76);
insert into pontuacao (codigo_campeonato, codigo_time, pontuacao) values (100, 100, 45);


insert into pontuacao (codigo_campeonato, codigo_time, pontuacao) values (1, 1, 3);
insert into pontuacao (codigo_campeonato, codigo_time, pontuacao) values (2, 2, 64);
insert into pontuacao (codigo_campeonato, codigo_time, pontuacao) values (3, 3, 81);
insert into pontuacao (codigo_campeonato, codigo_time, pontuacao) values (4, 4, 4);
insert into pontuacao (codigo_campeonato, codigo_time, pontuacao) values (5, 5, 52);
insert into pontuacao (codigo_campeonato, codigo_time, pontuacao) values (6, 6, 37);
insert into pontuacao (codigo_campeonato, codigo_time, pontuacao) values (7, 7, 12);
insert into pontuacao (codigo_campeonato, codigo_time, pontuacao) values (8, 8, 37);
insert into pontuacao (codigo_campeonato, codigo_time, pontuacao) values (9, 9, 20);
insert into pontuacao (codigo_campeonato, codigo_time, pontuacao) values (10, 10, 62);
insert into pontuacao (codigo_campeonato, codigo_time, pontuacao) values (11, 11, 71);
insert into pontuacao (codigo_campeonato, codigo_time, pontuacao) values (12, 12, 54);
insert into pontuacao (codigo_campeonato, codigo_time, pontuacao) values (13, 13, 75);
insert into pontuacao (codigo_campeonato, codigo_time, pontuacao) values (14, 14, 64);
insert into pontuacao (codigo_campeonato, codigo_time, pontuacao) values (15, 15, 20);
insert into pontuacao (codigo_campeonato, codigo_time, pontuacao) values (16, 16, 45);
insert into pontuacao (codigo_campeonato, codigo_time, pontuacao) values (17, 17, 53);
insert into pontuacao (codigo_campeonato, codigo_time, pontuacao) values (18, 18, 15);
insert into pontuacao (codigo_campeonato, codigo_time, pontuacao) values (19, 19, 50);
insert into pontuacao (codigo_campeonato, codigo_time, pontuacao) values (20, 20, 75);
insert into pontuacao (codigo_campeonato, codigo_time, pontuacao) values (21, 21, 2);
insert into pontuacao (codigo_campeonato, codigo_time, pontuacao) values (22, 22, 87);
insert into pontuacao (codigo_campeonato, codigo_time, pontuacao) values (23, 23, 21);
insert into pontuacao (codigo_campeonato, codigo_time, pontuacao) values (24, 24, 99);
insert into pontuacao (codigo_campeonato, codigo_time, pontuacao) values (25, 25, 30);
insert into pontuacao (codigo_campeonato, codigo_time, pontuacao) values (26, 26, 55);
insert into pontuacao (codigo_campeonato, codigo_time, pontuacao) values (27, 27, 32);
insert into pontuacao (codigo_campeonato, codigo_time, pontuacao) values (28, 28, 2);
insert into pontuacao (codigo_campeonato, codigo_time, pontuacao) values (29, 29, 9);
insert into pontuacao (codigo_campeonato, codigo_time, pontuacao) values (30, 30, 26);
insert into pontuacao (codigo_campeonato, codigo_time, pontuacao) values (31, 31, 77);
insert into pontuacao (codigo_campeonato, codigo_time, pontuacao) values (32, 32, 54);
insert into pontuacao (codigo_campeonato, codigo_time, pontuacao) values (33, 33, 69);
insert into pontuacao (codigo_campeonato, codigo_time, pontuacao) values (34, 34, 26);
insert into pontuacao (codigo_campeonato, codigo_time, pontuacao) values (35, 35, 54);
insert into pontuacao (codigo_campeonato, codigo_time, pontuacao) values (36, 36, 31);
insert into pontuacao (codigo_campeonato, codigo_time, pontuacao) values (37, 37, 92);
insert into pontuacao (codigo_campeonato, codigo_time, pontuacao) values (38, 38, 82);
insert into pontuacao (codigo_campeonato, codigo_time, pontuacao) values (39, 39, 30);
insert into pontuacao (codigo_campeonato, codigo_time, pontuacao) values (40, 40, 67);
insert into pontuacao (codigo_campeonato, codigo_time, pontuacao) values (41, 41, 35);
insert into pontuacao (codigo_campeonato, codigo_time, pontuacao) values (42, 42, 19);
insert into pontuacao (codigo_campeonato, codigo_time, pontuacao) values (43, 43, 73);
insert into pontuacao (codigo_campeonato, codigo_time, pontuacao) values (44, 44, 32);
insert into pontuacao (codigo_campeonato, codigo_time, pontuacao) values (45, 45, 26);
insert into pontuacao (codigo_campeonato, codigo_time, pontuacao) values (46, 46, 23);
insert into pontuacao (codigo_campeonato, codigo_time, pontuacao) values (47, 47, 66);
insert into pontuacao (codigo_campeonato, codigo_time, pontuacao) values (48, 48, 65);
insert into pontuacao (codigo_campeonato, codigo_time, pontuacao) values (49, 49, 57);
insert into pontuacao (codigo_campeonato, codigo_time, pontuacao) values (50, 50, 20);
insert into pontuacao (codigo_campeonato, codigo_time, pontuacao) values (51, 51, 33);
insert into pontuacao (codigo_campeonato, codigo_time, pontuacao) values (52, 52, 55);
insert into pontuacao (codigo_campeonato, codigo_time, pontuacao) values (53, 53, 24);
insert into pontuacao (codigo_campeonato, codigo_time, pontuacao) values (54, 54, 69);
insert into pontuacao (codigo_campeonato, codigo_time, pontuacao) values (55, 55, 86);
insert into pontuacao (codigo_campeonato, codigo_time, pontuacao) values (56, 56, 11);
insert into pontuacao (codigo_campeonato, codigo_time, pontuacao) values (57, 57, 4);
insert into pontuacao (codigo_campeonato, codigo_time, pontuacao) values (58, 58, 7);
insert into pontuacao (codigo_campeonato, codigo_time, pontuacao) values (59, 59, 55);
insert into pontuacao (codigo_campeonato, codigo_time, pontuacao) values (60, 60, 30);
insert into pontuacao (codigo_campeonato, codigo_time, pontuacao) values (61, 61, 34);
insert into pontuacao (codigo_campeonato, codigo_time, pontuacao) values (62, 62, 20);
insert into pontuacao (codigo_campeonato, codigo_time, pontuacao) values (63, 63, 74);
insert into pontuacao (codigo_campeonato, codigo_time, pontuacao) values (64, 64, 7);
insert into pontuacao (codigo_campeonato, codigo_time, pontuacao) values (65, 65, 1);
insert into pontuacao (codigo_campeonato, codigo_time, pontuacao) values (66, 66, 20);
insert into pontuacao (codigo_campeonato, codigo_time, pontuacao) values (67, 67, 21);
insert into pontuacao (codigo_campeonato, codigo_time, pontuacao) values (68, 68, 79);
insert into pontuacao (codigo_campeonato, codigo_time, pontuacao) values (69, 69, 44);
insert into pontuacao (codigo_campeonato, codigo_time, pontuacao) values (70, 70, 16);
insert into pontuacao (codigo_campeonato, codigo_time, pontuacao) values (71, 71, 30);
insert into pontuacao (codigo_campeonato, codigo_time, pontuacao) values (72, 72, 58);
insert into pontuacao (codigo_campeonato, codigo_time, pontuacao) values (73, 73, 43);
insert into pontuacao (codigo_campeonato, codigo_time, pontuacao) values (74, 74, 58);
insert into pontuacao (codigo_campeonato, codigo_time, pontuacao) values (75, 75, 99);
insert into pontuacao (codigo_campeonato, codigo_time, pontuacao) values (76, 76, 9);
insert into pontuacao (codigo_campeonato, codigo_time, pontuacao) values (77, 77, 95);
insert into pontuacao (codigo_campeonato, codigo_time, pontuacao) values (78, 78, 58);
insert into pontuacao (codigo_campeonato, codigo_time, pontuacao) values (79, 79, 6);
insert into pontuacao (codigo_campeonato, codigo_time, pontuacao) values (80, 80, 64);
insert into pontuacao (codigo_campeonato, codigo_time, pontuacao) values (81, 81, 75);
insert into pontuacao (codigo_campeonato, codigo_time, pontuacao) values (82, 82, 100);
insert into pontuacao (codigo_campeonato, codigo_time, pontuacao) values (83, 83, 63);
insert into pontuacao (codigo_campeonato, codigo_time, pontuacao) values (84, 84, 60);
insert into pontuacao (codigo_campeonato, codigo_time, pontuacao) values (85, 85, 54);
insert into pontuacao (codigo_campeonato, codigo_time, pontuacao) values (86, 86, 75);
insert into pontuacao (codigo_campeonato, codigo_time, pontuacao) values (87, 87, 92);
insert into pontuacao (codigo_campeonato, codigo_time, pontuacao) values (88, 88, 32);
insert into pontuacao (codigo_campeonato, codigo_time, pontuacao) values (89, 89, 69);
insert into pontuacao (codigo_campeonato, codigo_time, pontuacao) values (90, 90, 3);
insert into pontuacao (codigo_campeonato, codigo_time, pontuacao) values (91, 91, 64);
insert into pontuacao (codigo_campeonato, codigo_time, pontuacao) values (92, 92, 54);
insert into pontuacao (codigo_campeonato, codigo_time, pontuacao) values (93, 93, 16);
insert into pontuacao (codigo_campeonato, codigo_time, pontuacao) values (94, 94, 78);
insert into pontuacao (codigo_campeonato, codigo_time, pontuacao) values (95, 95, 16);
insert into pontuacao (codigo_campeonato, codigo_time, pontuacao) values (96, 96, 49);
insert into pontuacao (codigo_campeonato, codigo_time, pontuacao) values (97, 97, 51);
insert into pontuacao (codigo_campeonato, codigo_time, pontuacao) values (98, 98, 82);
insert into pontuacao (codigo_campeonato, codigo_time, pontuacao) values (99, 99, 76);
insert into pontuacao (codigo_campeonato, codigo_time, pontuacao) values (100, 100, 45);


insert into times (codigo, nome, data_criacao, num_jogadores) values (1, 'Zazio', '4/7/2017', 71);
insert into times (codigo, nome, data_criacao, num_jogadores) values (2, 'Devshare', '5/22/2017', 97);
insert into times (codigo, nome, data_criacao, num_jogadores) values (3, 'Skinte', '12/1/2016', 82);
insert into times (codigo, nome, data_criacao, num_jogadores) values (4, 'Jabbersphere', '12/26/2016', 56);
insert into times (codigo, nome, data_criacao, num_jogadores) values (5, 'Browsebug', '1/5/2017', 85);
insert into times (codigo, nome, data_criacao, num_jogadores) values (6, 'Meedoo', '7/13/2017', 85);
insert into times (codigo, nome, data_criacao, num_jogadores) values (7, 'Edgeblab', '12/29/2016', 2);
insert into times (codigo, nome, data_criacao, num_jogadores) values (8, 'Photospace', '5/15/2017', 73);
insert into times (codigo, nome, data_criacao, num_jogadores) values (9, 'Dablist', '8/23/2017', 88);
insert into times (codigo, nome, data_criacao, num_jogadores) values (10, 'Tagcat', '5/11/2017', 29);
insert into times (codigo, nome, data_criacao, num_jogadores) values (11, 'Wordware', '12/10/2016', 15);
insert into times (codigo, nome, data_criacao, num_jogadores) values (12, 'Voomm', '11/12/2016', 78);
insert into times (codigo, nome, data_criacao, num_jogadores) values (13, 'Feedbug', '8/27/2017', 85);
insert into times (codigo, nome, data_criacao, num_jogadores) values (14, 'Flipopia', '10/21/2016', 98);
insert into times (codigo, nome, data_criacao, num_jogadores) values (15, 'Jazzy', '12/14/2016', 54);
insert into times (codigo, nome, data_criacao, num_jogadores) values (16, 'Devbug', '3/2/2017', 90);
insert into times (codigo, nome, data_criacao, num_jogadores) values (17, 'Leexo', '6/17/2017', 2);
insert into times (codigo, nome, data_criacao, num_jogadores) values (18, 'Browsetype', '11/7/2016', 71);
insert into times (codigo, nome, data_criacao, num_jogadores) values (19, 'Gabspot', '6/24/2017', 10);
insert into times (codigo, nome, data_criacao, num_jogadores) values (20, 'Mydeo', '1/9/2017', 54);
insert into times (codigo, nome, data_criacao, num_jogadores) values (21, 'Devpulse', '11/11/2016', 31);
insert into times (codigo, nome, data_criacao, num_jogadores) values (22, 'Twitterbridge', '2/19/2017', 10);
insert into times (codigo, nome, data_criacao, num_jogadores) values (23, 'Browsetype', '1/29/2017', 28);
insert into times (codigo, nome, data_criacao, num_jogadores) values (24, 'Youspan', '7/26/2017', 75);
insert into times (codigo, nome, data_criacao, num_jogadores) values (25, 'Brainverse', '9/19/2016', 59);
insert into times (codigo, nome, data_criacao, num_jogadores) values (26, 'Npath', '6/21/2017', 67);
insert into times (codigo, nome, data_criacao, num_jogadores) values (27, 'Centidel', '10/15/2016', 82);
insert into times (codigo, nome, data_criacao, num_jogadores) values (28, 'Youbridge', '8/3/2017', 58);
insert into times (codigo, nome, data_criacao, num_jogadores) values (29, 'Vinder', '12/9/2016', 52);
insert into times (codigo, nome, data_criacao, num_jogadores) values (30, 'Meetz', '12/14/2016', 32);
insert into times (codigo, nome, data_criacao, num_jogadores) values (31, 'Quinu', '5/16/2017', 85);
insert into times (codigo, nome, data_criacao, num_jogadores) values (32, 'Realbridge', '8/15/2017', 65);
insert into times (codigo, nome, data_criacao, num_jogadores) values (33, 'Zoomlounge', '8/29/2017', 82);
insert into times (codigo, nome, data_criacao, num_jogadores) values (34, 'Jatri', '6/30/2017', 97);
insert into times (codigo, nome, data_criacao, num_jogadores) values (35, 'Camimbo', '10/22/2016', 75);
insert into times (codigo, nome, data_criacao, num_jogadores) values (36, 'Blogspan', '10/9/2016', 69);
insert into times (codigo, nome, data_criacao, num_jogadores) values (37, 'Rhyzio', '8/27/2017', 90);
insert into times (codigo, nome, data_criacao, num_jogadores) values (38, 'Eabox', '4/4/2017', 85);
insert into times (codigo, nome, data_criacao, num_jogadores) values (39, 'Quimba', '5/20/2017', 70);
insert into times (codigo, nome, data_criacao, num_jogadores) values (40, 'Skajo', '11/2/2016', 39);
insert into times (codigo, nome, data_criacao, num_jogadores) values (41, 'Tagtune', '2/7/2017', 37);
insert into times (codigo, nome, data_criacao, num_jogadores) values (42, 'Eadel', '3/24/2017', 73);
insert into times (codigo, nome, data_criacao, num_jogadores) values (43, 'Jatri', '4/24/2017', 22);
insert into times (codigo, nome, data_criacao, num_jogadores) values (44, 'Edgeify', '12/31/2016', 65);
insert into times (codigo, nome, data_criacao, num_jogadores) values (45, 'Skynoodle', '7/18/2017', 19);
insert into times (codigo, nome, data_criacao, num_jogadores) values (46, 'Yodel', '2/19/2017', 22);
insert into times (codigo, nome, data_criacao, num_jogadores) values (47, 'BlogXS', '2/15/2017', 13);
insert into times (codigo, nome, data_criacao, num_jogadores) values (48, 'Camido', '4/7/2017', 67);
insert into times (codigo, nome, data_criacao, num_jogadores) values (49, 'Aimbo', '2/5/2017', 6);
insert into times (codigo, nome, data_criacao, num_jogadores) values (50, 'Myworks', '4/30/2017', 36);
insert into times (codigo, nome, data_criacao, num_jogadores) values (51, 'Thoughtbridge', '12/8/2016', 31);
insert into times (codigo, nome, data_criacao, num_jogadores) values (52, 'Fliptune', '7/29/2017', 5);
insert into times (codigo, nome, data_criacao, num_jogadores) values (53, 'Gabtype', '9/14/2016', 32);
insert into times (codigo, nome, data_criacao, num_jogadores) values (54, 'Zoomzone', '11/2/2016', 64);
insert into times (codigo, nome, data_criacao, num_jogadores) values (55, 'Realfire', '10/17/2016', 16);
insert into times (codigo, nome, data_criacao, num_jogadores) values (56, 'Roombo', '8/5/2017', 78);
insert into times (codigo, nome, data_criacao, num_jogadores) values (57, 'Teklist', '10/4/2016', 12);
insert into times (codigo, nome, data_criacao, num_jogadores) values (58, 'Skaboo', '1/10/2017', 46);
insert into times (codigo, nome, data_criacao, num_jogadores) values (59, 'Topiczoom', '4/18/2017', 91);
insert into times (codigo, nome, data_criacao, num_jogadores) values (60, 'Eamia', '1/27/2017', 92);
insert into times (codigo, nome, data_criacao, num_jogadores) values (61, 'Gevee', '12/20/2016', 100);
insert into times (codigo, nome, data_criacao, num_jogadores) values (62, 'Cogilith', '1/10/2017', 47);
insert into times (codigo, nome, data_criacao, num_jogadores) values (63, 'Skipstorm', '10/24/2016', 43);
insert into times (codigo, nome, data_criacao, num_jogadores) values (64, 'Skinix', '12/9/2016', 10);
insert into times (codigo, nome, data_criacao, num_jogadores) values (65, 'Wikido', '10/11/2016', 90);
insert into times (codigo, nome, data_criacao, num_jogadores) values (66, 'Brainverse', '6/28/2017', 5);
insert into times (codigo, nome, data_criacao, num_jogadores) values (67, 'Skipstorm', '9/6/2016', 44);
insert into times (codigo, nome, data_criacao, num_jogadores) values (68, 'Twitternation', '2/12/2017', 13);
insert into times (codigo, nome, data_criacao, num_jogadores) values (69, 'Tazzy', '8/24/2017', 87);
insert into times (codigo, nome, data_criacao, num_jogadores) values (70, 'Mita', '4/3/2017', 31);
insert into times (codigo, nome, data_criacao, num_jogadores) values (71, 'Janyx', '10/9/2016', 2);
insert into times (codigo, nome, data_criacao, num_jogadores) values (72, 'Agimba', '10/12/2016', 78);
insert into times (codigo, nome, data_criacao, num_jogadores) values (73, 'Wordify', '7/4/2017', 59);
insert into times (codigo, nome, data_criacao, num_jogadores) values (74, 'Feedfish', '8/5/2017', 99);
insert into times (codigo, nome, data_criacao, num_jogadores) values (75, 'Meembee', '3/22/2017', 79);
insert into times (codigo, nome, data_criacao, num_jogadores) values (76, 'Twitternation', '2/12/2017', 61);
insert into times (codigo, nome, data_criacao, num_jogadores) values (77, 'Yadel', '11/21/2016', 30);
insert into times (codigo, nome, data_criacao, num_jogadores) values (78, 'Youspan', '2/15/2017', 50);
insert into times (codigo, nome, data_criacao, num_jogadores) values (79, 'Quimba', '6/24/2017', 55);
insert into times (codigo, nome, data_criacao, num_jogadores) values (80, 'Babbleblab', '7/18/2017', 100);
insert into times (codigo, nome, data_criacao, num_jogadores) values (81, 'Thoughtworks', '7/5/2017', 86);
insert into times (codigo, nome, data_criacao, num_jogadores) values (82, 'Fadeo', '11/3/2016', 7);
insert into times (codigo, nome, data_criacao, num_jogadores) values (83, 'Divape', '7/24/2017', 5);
insert into times (codigo, nome, data_criacao, num_jogadores) values (84, 'Zoomdog', '9/25/2016', 59);
insert into times (codigo, nome, data_criacao, num_jogadores) values (85, 'Trudeo', '8/16/2017', 30);
insert into times (codigo, nome, data_criacao, num_jogadores) values (86, 'Myworks', '1/14/2017', 77);
insert into times (codigo, nome, data_criacao, num_jogadores) values (87, 'Fivechat', '10/29/2016', 44);
insert into times (codigo, nome, data_criacao, num_jogadores) values (88, 'Plajo', '3/9/2017', 93);
insert into times (codigo, nome, data_criacao, num_jogadores) values (89, 'Yacero', '11/25/2016', 56);
insert into times (codigo, nome, data_criacao, num_jogadores) values (90, 'Skaboo', '1/26/2017', 67);
insert into times (codigo, nome, data_criacao, num_jogadores) values (91, 'Zooxo', '12/10/2016', 69);
insert into times (codigo, nome, data_criacao, num_jogadores) values (92, 'Feednation', '8/26/2017', 53);
insert into times (codigo, nome, data_criacao, num_jogadores) values (93, 'Leexo', '4/7/2017', 51);
insert into times (codigo, nome, data_criacao, num_jogadores) values (94, 'Izio', '7/26/2017', 37);
insert into times (codigo, nome, data_criacao, num_jogadores) values (95, 'Dabjam', '4/9/2017', 44);
insert into times (codigo, nome, data_criacao, num_jogadores) values (96, 'Wikizz', '10/20/2016', 29);
insert into times (codigo, nome, data_criacao, num_jogadores) values (97, 'Skaboo', '7/14/2017', 67);
insert into times (codigo, nome, data_criacao, num_jogadores) values (98, 'Mybuzz', '10/7/2016', 84);
insert into times (codigo, nome, data_criacao, num_jogadores) values (99, 'Skimia', '10/8/2016', 58);
insert into times (codigo, nome, data_criacao, num_jogadores) values (100, 'Skinte', '7/5/2017', 100);



